{"cameraMode":{"drawMode":0,"name":"Shaded","section":"Shading Mode"},"sceneLighting":false,"audioPlay":false,"sceneViewState":{"m_AlwaysRefresh":false,"showFog":true,"showSkybox":false,"showFlares":true,"showImageEffects":true,"showParticleSystems":true,"showVisualEffectGraphs":true,"m_FxEnabled":true},"in2DMode":false,"pivot":{"x":-12.103055953979493,"y":15.068923950195313,"z":15.893730163574219},"rotation":{"x":0.001501875463873148,"y":-0.0005930518382228911,"z":-0.00003115167055511847,"w":-1.0000420808792115},"size":95.2627944946289,"orthographic":true}