{"cameraMode":{"drawMode":0,"name":"Shaded","section":"Shading Mode"},"sceneLighting":false,"audioPlay":false,"sceneViewState":{"m_AlwaysRefresh":false,"showFog":true,"showSkybox":false,"showFlares":true,"showImageEffects":true,"showParticleSystems":true,"showVisualEffectGraphs":true,"m_FxEnabled":true},"in2DMode":false,"pivot":{"x":-4.615039825439453,"y":7.54029655456543,"z":23.23015594482422},"rotation":{"x":0.04798147827386856,"y":-0.005992494989186525,"z":0.0002917620004154742,"w":0.9988420605659485},"size":18.940677642822267,"orthographic":true}