{"cameraMode":{"drawMode":0,"name":"Shaded","section":"Shading Mode"},"sceneLighting":false,"audioPlay":false,"sceneViewState":{"m_AlwaysRefresh":false,"showFog":true,"showSkybox":false,"showFlares":true,"showImageEffects":true,"showParticleSystems":true,"showVisualEffectGraphs":true,"m_FxEnabled":true},"in2DMode":false,"pivot":{"x":0.14730149507522584,"y":0.11601865291595459,"z":-0.17120343446731568},"rotation":{"x":0.3513825237751007,"y":0.4340478777885437,"z":-0.1905442327260971,"w":0.8079817891120911},"size":3.7811903953552248,"orthographic":true}